{"Mods":[{"Author":"Goonsack","Name":"Goon's Short Legs Overhaul","Folder":"Goon_Short_Legs_Overhaul","Version":"36028797018963968","Description":"All Dwarves, Halflings and Gnomes get full movement, both NPC and player. NOT compatible with Ultimate NPC Stat Overhaul, use the UNSO compatible version if wanting to use both mods.","UUID":"fc24e533-8554-46f9-8ef9-60a71b33c48e","Created":"2025-07-16T21:21:27.7935781+10:00","Dependencies":[],"Group":"31539041-9a11-4a02-8a95-4343db92be77"}],"MD5":"259e274ba667c66555d7f879227637ae"}