{"Mods":[{"Author":"Goonsack","Name":"Goon's Short Legs Overhaul","Folder":"Goon_Short_Legs_Overhaul","Version":"36028797018963970","Description":"All Dwarves, Halflings and Gnomes get full movement, both NPC and player. NOT compatible with Ultimate NPC Stat Overhaul, use the UNSO compatible version if wanting to use both mods.","UUID":"fc24e533-8554-46f9-8ef9-60a71b33c48e","Created":"2025-08-08T16:35:17.8319464+10:00","Dependencies":[],"Group":"fbd5aca4-b792-4bc9-bef4-9ba6f090e9d4"}],"MD5":"b9a47ab2ee82cb052a28be0f7e068263"}